name,id,tier,base value,range,damage/second,damage/shot,emp,impact,turn rate,OPs,ammo,ammo/sec,reload size,type,energy/shot,energy/second,chargeup,chargedown,burst size,burst delay,min spread,max spread,spread/shot,spread decay/sec,beam speed,proj speed,launch speed,flight time,proj hitpoints,hints,number
Mining Lance,mining_lance,1,1200,700,,142,60,5,20,10,,,,ENERGY,95,,0,3,4,0.1,0,5,1,0.5,,2000,,,,,2
Combat MG,combatmg,0,575,700,,8,,10,50,6,,,,KINETIC,12,,0,0.2,7,0.075,0,5,0.25,0.1,,800,,,15,,2.5
Heavy CmG,heavy_chaingun,1,1500,900,,70,,40,30,10,,,,FRAGMENTATION,30,,0,0.15,1,,0,5,0.8,0.2,,1200,,,30,,5
Miller Autocannon,minerAC,0,125,600,,40,,5,10,4,,,,KINETIC,53,,0,1,2,0.1,0,10,2.75,8,,775,,,20,,2
Light Maser,maser,1,300,700,,50,25,0,55,6,,,,ENERGY,30.3,,0,1,3,0.15,0,4,1,20,,1000,,,,,2.5
Molaris Blaster,molarisblaster,2,1350,600,,275,40,30,25,12,,,,ENERGY,375,,0,6,3,0.2,0.2,0.25,0.05,0.25,,2000,,,,,5
Actel Cannon,actel,2,1600,1200,,1200,60,150,20,20,15,0.095,10,KINETIC,1200,,0,5,1,0,0.2,10,2.33333,0.9,,1000,,,100,,8
Actel H35 Canopy,actelh35cockpit,,,1500,,1500,80,200,40,,,,,KINETIC,1200,,0,6,1,0.1,0.2,12,2.33333,1.3333,,1000,,,100,"SYSTEM,SHOW_IN_CODEX",
Crackler,crackler,2,500,500,,40,,2,100,5,,,,FRAGMENTATION,12,,0.132,0.253,3,0.15,0,12,0.75,0.5,,2000,,,10,PD,1
Kasta MRSM,kasta,0,150,2000,,50,,15,10,4,147,,,KINETIC,0,,0,7.2,7,0.00025,0,0,0.039,0,,600,300,30,50,DO_NOT_AIM,11
Sylva Cannon,sylva,1,900,700,,133,20,10,30,8,,,,HIGH_EXPLOSIVE,130,,0,0.753333,1,,0,15,5,10,,820,,,30,,4.125
