{
  	"id":"metelson_release", # internal id
	"name":"Metelson_Industries", # displayed to the player
	"author":"Azmond",
	"version":"7.2.2",
	"description":"Metelson Industries: A simple mod. !* NEXERELIN COMPATIBLE /!/ LAZYLIB IS REQUIRED FOR MISSIONS *!	If you feel so inclined, leave a message and feedback on the forums or @ me on the unoffical SS discord.	Otherwise Metelson Industries is a Mid/low-tech faction that was made to be simple and enjoyable.",
	"gameVersion":"0.9.1a RC8",
	"modPlugin":"data.scripts.MetelsonModPlugin", # mod plug in ...
	"jars":["jars/metelson.jar"]
}
