name,tech/manufacturer,tags,id,designation,system id,fleet pts,hitpoints,armor rating,max flux,8/6/5/4%,flux dissipation,ordnance points,fighter bays,max speed,acceleration,deceleration,max turn rate,turn acceleration,mass,shield type,defense id,shield arc,shield upkeep,shield efficiency,phase cost,phase upkeep,min crew,max crew,cargo,fuel,fuel/ly,range,max burn,base value,cr %/day,CR to deploy,peak CR sec,CR loss/sec,supplies/rec,supplies/mo,hints,breakProb,minPieces,maxPieces,number
Negl,Metelson,"midline_bp,metelson_bp",mi_negl,,,,350,50,500,,65,0,,250,150,100,90,240,20,NONE,,0,0,0,,,1,1,,,,,10,,5,5,,,1,1,,,,,104
Grudiver,Metelson,"midline_bp,metelson_bp",mi_grudiver,,,,250,30,150,,50,0,,275,125,100,90,180,10,FRONT,,120,0.4,0.6,,,1,1,,,,,10,,4,2,,,0.5,0.5,,,,,100
Obex,Metelson,"lowtech_bp,metelson_bp",mi_obex,,flarelauncher_single,,450,200,800,,100,0,,200,70,50,180,360,50,FRONT,,90,0,0,,,3,3,,,,,10,,5,10,,,2,2,,,,,102
Golgata,Metelson,"midline_bp,metelson_bp",mi_golgata,,flarelauncher_fighter,,500,100,750,,200,0,,225,125,100,120,100,30,NONE,,0,0,0,,,2,2,,,,,10,,6,8,,,2,2,,,,,103
,,,,,,,,,,,,,,,,,,,,,,,,,,,,,,,,,,,,,,,,,,,,,
Pala,Metelson,"lowtech_bp,metelson_bp",mi_pala,MoC MkI,flarelauncher,3,2000,380,1000,,100,35,,185,175,100,90,120,200,OMNI,,90,0.5,0.7,,,5,20,90,30,1,30,10,7200,5,10,240,0.25,3,3,,0.4,2,2,201
Mudder,Metelson,"lowtech_bp,metelson_bp",mi_mudskipper,Civilian Transit,maneuveringjets,3,1000,200,750,,100,35,,100,50,30,30,45,240,NONE,,0,0,0,,,6,100,75,50,1,45,9,3000,5,20,180,0.25,2,2,CIVILIAN,10,2,3,218
Vigil,Metelson,"midline_bp,metelson_bp",mi_vigilance,Frigate,flarelauncher_active,5,1500,175,2100,1625,160,45,,130,120,100,45,90,100,OMNI,,90,0.4,0.8,,,10,25,40,25,1,25,10,11000,8,10,240,0.25,5,5,,0.5,2,2,208
Stinulv,Metelson,"midline_bp,metelson_bp",mi_wolf,Frigate,maneuveringjets,5,1750,180,2250,1875,150,55,,180,130,100,60,120,200,FRONT,,145,0.4,0.8,,,15,30,50,20,1,20,10,12500,10,20,180,0.25,5,5,,0.5,2,2,200
Mite,Metelson,"midline_bp,metelson_bp",mi_mite,Corvette,maneuveringjets,1,875,200,1500,,175,25,,145,150,75,45,85,125,OMNI,,150,0.5,0.75,,,2,25,35,30,1,30,9,4250,5,20,180,0.25,2,2,CIVILIAN,20,2,3,217
Cavos,Metelson,"midline_bp,metelson_bp",mi_cavos,Gunship,rostor,5,1800,300,2500,,135,50,,160,145,100,75,120,300,FRONT,,150,0.4333,0.8,,,15,20,40,40,1,42,9,14000,6,8,240,0.25,4,4,,15,2,5,207
Farin,Metelson,"lowtech_bp,metelson_bp",mi_farin,Combat Freighter,rostor,5,2900,360,1450,,170,42,,120,100,75,80,120,320,OMNI,,90,0.4,1.2,,,15,25,100,30,1,60,9,10000,4,10,180,0.25,2,2,,5,2,3,213
Glima,Metelson,"midline_bp,metelson_bp",mi_glima,Heavy Frigate,maneuveringjets,6,2000,400,3250,,200,48,,110,180,120,60,120,250,FRONT,,270,0.4333,0.975,,,15,30,40,40,1,40,9,12500,8,10,240,0.25,4,4,,5,2,6,207
R.O.M.A,Metelson,"hightech_bp,metelson_bp",mi_roma,Shuttle,damper,6,1000,350,2550,,375,34,,165,120,100,60,120,200,PHASE,phasecloak,90,,,0.03,0.05,5,20,30,100,1,100,10,18000,10,20,200,0.25,10,8,,2.5,2,5,210
,,,,,,,,,,,,,,,,,,,,,,,,,,,,,,,,,,,,,,,,,,,,,
Actel H35,Metelson,"lowtech_bp,metelson_bp",mi_actelh35,Stout Destroyer,rostor,15,3000,500,3750,,300,50,,60,40,35,25,15,350,OMNI,,90,0.8,0.8,,,25,30,65,100,2,50,8,27000,4,15,240,0.25,12,10,,2.5,4,7,220
Actel H35A,Metelson,"lowtech_bp,metelson_bp",mi_actelh35a,Stout Destroyer,rostor,10,3000,400,3600,,290,60,,100,60,35,50,20,300,OMNI,,120,0.8,0.73333,,,25,30,70,125,2,50,8,23000,4,15,360,0.25,12,10,,2.5,4,7,210
Rastrum,Metelson,"midline_bp,metelson_bp",mi_rastrum,Destroyer,flarelauncher_active,11,4000,575,5250,,275,72,1,65,50,60,40,30,575,FRONT,,220,0.6,0.8,,,35,42,115,130,3,40,8,36000,6,12,360,0.25,8,8,,5,3,6,303
Custos,Metelson,"midline_bp,metelson_bp",mi_enforcer,Destroyer,ammofeed,10,4800,600,4100,,250,100,,90,35,30,30,20,500,FRONT,,280,1,0.6,,,60,75,90,130,3,50,9,38000,5,11,360,0.25,9,9,,3,2,3,303
Varingur,Metelson,"lowtech_bp,metelson_bp",mi_varingur,Heavy Combat Freighter,heavyrostor,10,6250,765,4500,,175,75,1,70,23,15,25,10,760,OMNI,,120,0.42,0.75,,,40,60,200,120,2,60,8,36000,8,12,360,0.25,11,11,,2.5,4,8,310
Securi,Metelson,"hightech_bp,metelson_bp",mi_securi,Light Destroyer,temporalshell,12,3000,400,4250,,300,64,,80,50,80,20,25,300,FRONT,,200,1.2,0.6,,,50,55,75,100,3,45,9,32000,5,12,360,0.25,14,12,,5,3,6,303
,,,,,,,,,,,,,,,,,,,,,,,,,,,,,,,,,,,,,,,,,,,,,
Mantarn,Metelson,"lowtech_bp,metelson_bp",mi_mantarn,Light Cruiser,maneuveringjets,12,10000,900,8000,,390,120,,60,30,15,20,25,800,FRONT,,270,0.5,0.8,,,100,125,150,180,3,80,8,34000,4,12,480,0.25,17,17,,3,3,4,400
Varangian,Metelson,"midline_bp,metelson_bp",mi_bigvaringur,Combat Carrier,plasmajets,13,12000,1150,9000,,325,85,3,75,8,30,35,10,1250,OMNI,,80,0.85,1,,,150,175,225,200,2,60,8,50000,4,16,480,0.25,20,20,"CARRIER,  COMBAT",3,2,4,401
Gadfar,Metelson,"midline_bp,metelson_bp",mi_gadfar,Systems Cruiser,drone_sensor,14,7000,825,12000,,650,170,,75,25,20,40,15,1500,OMNI,,120,1,0.75333,,,95,125,300,250,3,83,8,65000,5,15,450,0.25,19,19,,2,2,5,402
,,,,,,,,,,,,,,,,,,,,,,,,,,,,,,,,,,,,,,,,,,,,,
Drengur,Metelson,"midline_bp,metelson_bp",mi_drengur,Battlecruiser,heavyrostor,25,12500,1200,13500,,975,260,2,75,15,10,25,10,2000,OMNI,,120,0.5,1,,,400,600,500,550,8,45,8,330000,4,20,520,0.25,50,50,,0.6,2,4,505
Thrudgelmir,Metelson,"midline_bp,metelson_bp",mi_thrudgelmir,Battleship,maneuveringjets,20,16000,1300,32500,,1200,265,1,45,20,5,15,50,3500,FRONT,,175,1,0.6,,,350,500,400,500,10,50,7,425000,3,15,720,0.25,45,45,,0.8,3,9,503
Acutor,Metelson,"lowtech_bp,metelson_bp",mi_acutor,R&M Hulk,drone_acutor,13,11000,850,9000,,450,180,1,40,12,15,12,6,5000,OMNI,,170,0.42,1.35,,,50,100,525,400,10,40,7,150000,2,20,720,0.25,12,12,CARRIER,1,2,5,502
,,,,,,,,,,,,,,,,,,,,,,,,,,,,,,,,,,,,,,,,,,,,,
Articu Drone,Metelson,,mi_acutordrone,,,,45,10,80,,40,,,375,150,100,180,90,40,NONE,,,,,,,0,0,,,,,,,,,,,,,,,,,
Elix Drone,Metelson,,drone_collier,Drone,,,250,50,2500,,150,,,250,175,150,45,20,15,NONE,,,,,,,0,0,,,,,,,,,,,,,,,,,
KiwiMeme,Meme Metelson,,kiwimeme,Lewd,plasmajets,69,696969,95224,4873,,5224,100,,110,35,30,180,360,690000,FRONT,,360,1,0.6,,,1,1,360,360,1,25,9,0,1,25,6969,138,6,9,"UNBOARDABLE, HIDE_IN_CODEX",3,2,3,303
Pala Testing,Metelson,,mi_pala_testing,MoC MkI,flarelauncher,0,30000,30000,30000,,3000,400,3,300,175,100,90,120,200,FRONT,,360,0.1,0.1,,,5,20,90,30,1,30,20,7200,5,10,240,0.25,3,3,"UNBOARDABLE, HIDE_IN_CODEX",0.4,2,2,0
