{
        "defaultChannels":[
                "metelson_public",
        ],
        
        "metelson_public":{
		"name":"Metelson Ind. PR",
		"logo":"graphics/meti/icons/intel/mi_public.png",
		"icon":"graphics/meti/icons/intel/mi_public.png",
		"image":"graphics/meti/faction/mi_flag.png",
		"sound":"ui_channel_news",
		"faction":"metelson",
		"type":"News Report",
		"shortType":"News",
	},
	"metelson_internal":{
		"name":"Metelson Corprate",
		"logo":"graphics/meti/icons/intel/mi_internal.png",
		"icon":"graphics/meti/icons/intel/mi_internal.png",
		"image":"graphics/meti/faction/mi_flag.png",
		"sound":"ui_channel_comm_secure",
		"faction":"metelson",
		"type":"Intelligence Report",
		"shortType":"Intel",
	},
}
