id,trigger,conditions,script,text,options,notes
,,,,,,
# MI fleet greeting lines,,,,,,
greetingMIFriendly,OpenCommLink,"$faction.id == metelson
$faction.friendlyToPlayer","$menuState = fleetConvMain 0
FireAll PopulateOptions","""Signal received $playerName. You're talking to the captain here, what can I do you for?""",,
greetingMIHostileWeaker,OpenCommLink,"$faction.id == metelson
$faction.hostileToPlayer
$relativeStrength < 0",$ignorePlayerCommRequests = true 1,"""Black box is ready to go... What do you require?""",cutCommLink:Cut the comm link,
greetingMIHostileWeakerDefiant,OpenCommLink,"$faction.id == metelson
$faction.hostileToPlayer
$relativeStrength < 0
$weakerThanPlayerButHolding",$ignorePlayerCommRequests = true 1,The Metelson $personRank eyes you with slight scowl before turning to send $hisOrHer crew to their stations.  The comm signal cuts out a moment later.,cutCommLink:Cut the comm link,
greetingMIHostileStronger,OpenCommLink,"$faction.id == metelson
$faction.hostileToPlayer
$relativeStrength >= 0",$ignorePlayerCommRequests = true 1,"""I wonder, how much metal can I pull from your blood once I get your corpse from that ship...""",cutCommLink:Cut the comm link,
greetingMINeutral,OpenCommLink,"$faction.id == metelson
$faction.neutralToPlayer","$menuState = fleetConvMain 0
FireAll PopulateOptions","""Hello, this is a Metelson Industry vessel captain... What'd you need $playerName?""",,
,,,,,,
# Trade panel flavor text,,,,,,
