name,id,tier,base value,range,damage/second,damage/shot,emp,impact,turn rate,OPs,ammo,ammo/sec,reload size,type,energy/shot,energy/second,chargeup,chargedown,burst size,burst delay,min spread,max spread,spread/shot,spread decay/sec,beam speed,proj speed,launch speed,flight time,proj hitpoints,hints,number
Mining Lance,mining_lance,1,1200,700,,125,60,5,20,10,,,,ENERGY,95,,1,0.22,4,0.1,0,5,1,0.5,,2000,,,,,2
Combat MG,combatmg,0,575,700,,12,,10,50,6,,,,KINETIC,9,,0.25,0.22,10,0.075,0,10,0.25,0.1253,,800,,,15,,2.5
Heavy CmG,heavy_chaingun,1,1500,900,,80,,40,30,10,,,,FRAGMENTATION,10,,0.12,0,1,,0,10,0.8,0.1253,,900,,,30,,5
Miller AutoCannon,minerAC,0,125,600,,45,,5,10,4,,,,KINETIC,53,,0.28,0.62,2,0.1,0,10,2.75,8,,775,,,20,,2
Light Maser,maser,1,300,700,,30,15,0,50,5,,,,ENERGY,25,,0.33,0,3,0.15,0,4,1,20,,1000,,,,,2.5
Molaris Blaster,molarisblaster,2,1350,600,,275,40,30,25,12,15,0.3,5,ENERGY,375,,1,0.5,3,0.2,0.2,0.25,0.05,0.25,,2000,,,,,5
Actel Cannon,actel,2,1600,1200,,1350,40,150,15,20,15,0.095,10,KINETIC,1200,,0,5,1,0,0.2,12,2,1,,3000,,,100,,8
Actel Cockpit,actelh35cockpit,,,1500,,1000,60,100,40,,,,,KINETIC,1200,,0,6,1,0.1,0.2,14,2,0.5,,3000,,,100,"SYSTEM,SHOW_IN_CODEX",
Crackler,crackler,2,500,500,,40,,2,100,5,,,,FRAGMENTATION,12,,0.132,0.253,3,0.15,0,12,0.75,0.5,,2000,,,10,PD,1
