id,type,text1,text2,text3,notes
mi_negl,SHIP,"The Negl-class fighter is a miners best friend, utilizing a Miller Autocannon the Negl hammers into unusually dense nickel-iron asteroids that standard mining lasers may have trouble with. As a defensive precautionary measure it is armed with Swarmer SRMs as well.

This is one of the newest mining vessels designed by the R&D department of Metelson Industries and has performed admirably since its introduction with few changers made to its design.",,,
mi_grudiver,SHIP,"The Grudiver-class is often mockingly referred to as The Miner, the Coal Dog and the Flying Coffin. This fighter is an improvement over the ubiquitous Mining Pod.

The Grudiver originated as a proposal to modernize and upgrade the Mining Pod design into a craft better suited for the more discerning starfarer. The upgrade process primarily revolved around increasing its survivability against asteroid collisions and hostile weapons fire. With an upgrade of its armor package utilizing a brand new proprietary alloy laminated to lightweight nano-ceramics allowed the thickness to be decreased while providing even more protection! This new armor is attached to a Mining Pod that was first stripped down to its bare frame. The replacement of the original obsolete armor array allows for a reduction of its space frame dimensions, and additionally freed mass up for a miniaturized shield generator to be added to the design.",,,
mi_golgata,SHIP,"The Golgata-class fighter is the cavalry, heavily armed and with speed to match. While fast, it suffers from poor maneuverability but despite that remains a threat to most fighters and lighter warships. Armed with multiple Combat MGs and a Light Maser which is also useful mining applications. The Golgata is one of the most sought after general purpose fighter designs in the Sector.",,,
mi_obex,SHIP,"The Obex-class fighter arguably is one of the most valuable utility grade strike craft that is commonly available in the Sector. Armed with a Mining Blaster, Mining Laser and Hammer Torpedos. Those that underestimate it quickly learn that this dual purpose craft is equally adept at both mining applications and strike duties against warships and is especially terrifying when deployed en masse.",,,
#FRIGATES,#FRIGATES,#FRIGATES#FRIGATES#FRIGATES#FRIGATES#FRIGATES#FRIGATES#FRIGATES#FRIGATES#FRIGATES#FRIGATES#FRIGATES#FRIGATES#FRIGATES#FRIGATES#FRIGATES#FRIGATES#FRIGATES#FRIGATES#FRIGATES#FRIGATES,,,
mi_vigilance,SHIP,"The Vigil-class frigate is an upgrade upon the Vigilance that packs on additional armor and another turret. Shoring up the deficiencies of the original design thus allowing it more flexibility in combat roles.

While the Vigilance-class is often deployed in fleets to provide long range fire support, it suffers when caught exposed without backup. Metelson Industries seeing the potential of the hull design modified a few Vigilance hulls and produced a variation of the ship to be deployed in small numbers within fleets on a trial basis to determine if it was worthy of additional production runs. The results from live deployments of the first prototypes was a resounding success and so it was cleared for mass production. Keeping most of the original design intact and adding only a little, the Vigil is easy to manufacture and a welcome upgrade over the Vigilance.",,,
mi_mudskipper,SHIP,"The HGA-220 was first produced as the ""Pegasus""-class, AKA ""Mudskipper"". With its common blueprints however often it is modified with disastrous results. However in Metelson's case, using their expertise in starship construction the end result while still not combat-worthy the Metelson ""Mudder"", is worth the price for what it brings to the table. Spacious cargo hold, good fuel capacity, and generous quarters for crew and passengers alike.

Most commonly used as a mining vessel among Metelson Industries fleets, like the Mudskipper it is based on the Mudder is indeed interstellar-capable. Despite having no built-in shield generator and so must rely on its durable - for civilian craft - armor to protect passengers and cargo from the elements of space travel; its maneuvering thrusters to avoid fast-moving obstacles or otherwise. While combat capable, the value of it in high intensity engagements is dubious at best, but is more than able to deal with the standard Salamander Missile or poorly equipped pirate.",,,
mi_farin,SHIP,"The Farin-class frigate is Metelson's answer to the Cerberus and is often considered superior in many respects, depending on who you ask. The Farin boasts engines with better acceleration and a shield generator. Overall this ship is a durable and viable competitor to the Cerberus.

However for all the merits of the design, its cargo capacity and overall mobility remains broadly similar to its competitor, and its power generation is capacity easily overwhelmed during intense battles. In the end if a starfarer is looking for an updated combat freighter that offers more versatility. They would be be hard pressed to find another ship quite as capable or similar to the Cerberus than the Farin.",,,
mi_cavos,SHIP,"While the Pala lacks in combat capabilities the Cavos-class is made for combat, eschewing substantial cargo bays, fuel capacity and crew comforts. Often deployed as the standard gunship in Metelson fleets as an escort, mainline combat frigate, or even to provide fire support during grand fleet engagements.",,,
mi_pala,SHIP,"The Pala-class is the pride of Metelson Industries and is marketed as a viable mining operations combat freighter, or M.o.C Freighter. With its durable armor belt and defensive turrets the Pala is able to handle its own in combat least long enough to power up its travel drive!

Its development began as a series of deep modifications to the Hound blueprint, which after successful trial runs and additional improvements to the design Metelson set out to create a new class of combat freighter for mass production and in the end succeeded. The Pala is a valuable addition to any fleet, offering combat support to larger vessels or used for freight runs and mining duties.",,,
mi_glima,SHIP,"The Glima-class frigate is an unusual design with its asymmetrical layout of turrets and hard points. But, with its unusual design comes a flexible armament loadout and the generator capacity to back it up, this ship is a potent combat frigate that is unwise to ignore.",,,
mi_roma,SHIP,"R.O.M.A Shuttle: Rescue, Operations and Mining Auxiliary is a curiously well defended transport that sacrifices much of its personnel and cargo capacity for the remarkably potent combo of both Damper and Phase fields. Infamous for escaping from situations most non-combat ships could only dream of.",,,
mi_mite,SHIP,"The Mite-class frigate is effectively a refit of the standard Kite shuttle. Commonly acquired by starfarers for its ease of maintenance, and the upgraded modular weapons package that includes conversion of the missile hard points to synergy allowing for use in mining applications with the common Mining Laser.",,,
mi_wolf,SHIP,"The Stinulv-class frigate is the end result of a Metelson Industries project to modify the Wolf blueprint to their own specifications. The Stinulv gives its owners added ballistic fire power the original Wolf is incapable of wielding and a reinforced armor package at the cost of speed.

Replacing many of its core components with lower-tech but more robust and easier to manufacture parts, the Stinulv is not an upgrade upon the Wolf design and is actually inferior in several aspects. Regardless it remains a valuable ship to those that are able to acquire it and is respected for its overall combat profile.",,,
#DESTORYERS,#DESTORYERS,#DESTORYERS#DESTORYERS#DESTORYERS#DESTORYERS#DESTORYERS#DESTORYERS#DESTORYERS#DESTORYERS#DESTORYERS#DESTORYERS#DESTORYERS#DESTORYERS#DESTORYERS#DESTORYERS,,,
mi_securi,SHIP,"Based on an older generation of hull designs from Metelson's past. The Securi-class destroyer is a well protected if somewhat underwhelmingly armed destroyer design. Making up for its shortcomings with a stolen Temporal Shell system.

The Securi hull was originally intended as a defensive platform with limited engine capabilities barely adequate for maintaining its desired position around a starbase and required tugs to be relocated. While adequately armed to fend off fighters, bombers and lighter warships, but poorly suited to protracted engagements against hostiles larger than itself. It was equipped with a powerful generator and flux grid to power energy weapons and an efficient shield. As time went on the value of static defensive assets diminished and an aspiring Metelson engineer realized the potential of the hull to be modified to suit an offensive role. Making use of its impressive power grid by diverting some of its output to brand new additional thrusters. Further refinements were made when a Temporal Shell blueprint was stolen from the Tri-Tachyon Corporation, and it was found that the Securi was well suited to handling the intense power draw of the system. The class was rechristened the Securi and the effectiveness of the design shocked the powers of the Sector, as most thought Metelson Industries was incapable of manufacturing such advanced technology.",,,
mi_varingur,SHIP,"An upgrade upon an ancient forgotten blueprint of old, the Varingur-class is well protected among cargo transports. While slow, this armored heap of a ship makes up for that with sheer support capability. Sporting a fighter bay, an effective overlapping grid of turrets and respectable cargo cargo capacity. The Varingur makes for an imposing target for pirates often discouraging attacks with its presence alone.",,,
mi_enforcer,SHIP,"The Custos-class is based on the Enforcer, this Metelson Industries variation replaces two of the medium ballistic mounts with small hybrid turrets and upgrades all of the frontal missile mounts to synergy types. The Custos is valued addition to a fleet for both its combat and mining capabilities.

While the Enforcer is a powerful vessel and a favorite for combat duties throughout the Sector, but it lacks in flexibility for any other task. The Custos was an attempt by Metelson Industries to not only create a class of ship that would fill the need of a heavy line combatant, but one that could be used for non-combat tasks as well. Downsizing some of its modular weapon mounts allowed for the conversion of many of the remaining ones into mounts capable of mounting both ballistic and energy based weapons. These changes allow the vessel to be used for mining operations, as well as giving it more outfitting options. These changes required an upgrade of its power generation capabilities and for all the modifications to the design in the end the armor belt had to be thinned and the shield generator downgraded as well. While many starfarers scoff at this design, the superior tactical mobility and more flexible armament options makes it a favorite for those that appreciate tact over brute strength.",,,
mi_actelh35,SHIP,"Much like the Varingur, the Actel H35 is based on technology found in old holodisks and blueprints. Built compact, tough, and slow, it is an effective long range combatant. However, it fares poorly at close quarters combat,and while powerful, the built-in cannon itself often suffers from overheating and autoloader jams. Rewarding practiced shots and captains that posses a steady eye.",,,
mi_rastrum,SHIP,"Made to follow in the footsteps of the successful of Pala design, the Rastrum-class destroyer was made with larger mining operations in mind. As such it possesses substantially less combat capabilities than main line destroyer designs. But with its drones and overall weapon profile offers itself as a highly effective support vessel.",,,
#CRUISER,#CRUISER,#CRUISER#CRUISER#CRUISER#CRUISER#CRUISER#CRUISER#CRUISER#CRUISER#CRUISER#CRUISER#CRUISER#CRUISER#CRUISER#CRUISER#CRUISER#CRUISER#CRUISER#CRUISER#CRUISER#CRUISER#CRUISER#CRUISER#CRUISER#CRUISER#CRUISER,,,
mi_mantarn,SHIP,"The Mantarn-class is the defensive bulwark of Metelson Industries. Built to protect its main battery by mounting it inside limited traverse internal gun ports, allowing the bold captain to make maneuvers that would leave many other ship designs quickly stripped of its offensive capabilities.

Made as an attempt to expand into ship markets previously untapped by Metelson Industries, and as an answer to Tri-Tachyon patrols harassing its fleets in system. With its main battery immune to battle damage and the favored EMP-heavy strike tactics of the Tri-Tachyon Corporation fleets while most other Metelson designs were built to deal with pirates, low tech weapons and asteroid collisions were easily disabled. The sudden appearance of the Mantarn took Tri-Tachyon suits by surprise and forced them to change battle tactics. To this day the Mantarn remains an effective light cruiser design.",,,
mi_grancursor,SHIP,"The Grancursor-class is essentially an upgrade upon the the Varingur. However in an attempt to move on from older doctrinal designs the Grancursor is larger, better protected and has been shifted more towards the role of a carrier. With a powerful sensor array and luxurious views from its oversized observation windows, the ""Grand Courier"" will take you to the stars in safety and style.

The Grancursor is based upon an enlarged Varingur frame and many other modifications to its blueprint. Unfortunately even with a secondary reactor added to the design it lacks effective power output for front line combat roles and is substantially more sluggish and costly to maintain. Regardless of the shortcomings of the design, it remains an effective and valued support vessel.",,,
mi_gadfar,SHIP,"Often referred to as a ""System Cruiser"", the Gadfar-class is inspired by the Valkyrie blueprint but improved upon in every manner. Its designation is not merely puffery as many of its crew quarters have replaced with expanded cargo holds, its weapon package improved and its space frame enlarged turning the humble Valkyrie-class troop transport destroyer into an a desirable cruiser design to haul cargo and support fleets.

Armed with a an overlapping grid of turrets, its main batteries are able to converge their firepower directly forwards while also proving adequate flank coverage. Although its power grid is unable to cope with all of its weapons firing simultaneously for long it still is more than enough firepower to vaporize unwary pirates. Additionally equipped with a pair of Sensor Drones to augment its tactical capabilities and is protected by thick armor and a generously wide shield arc. Many consider the Gadfar a viable alternative to the Apogee-class cruiser.",,,
#CAPITAL#CAPITAL#CAPITAL#CAPITAL#CAPITAL#CAPITAL#CAPITAL#CAPITAL#CAPITAL#CAPITAL#CAPITAL#CAPITAL#CAPITAL#CAPITAL#CAPITAL#CAPITAL#CAPITAL#CAPITAL#CAPITAL#CAPITAL#CAPITAL#CAPITAL#CAPITAL#CAPITAL#CAPITAL#CAPITAL#CAPITAL#CAPITAL#CAPITAL#CAPITAL#CAPITAL#CAPITAL#CAPITAL#CAPITAL#CAPITAL#CAPITAL#CAPITAL#CAPITAL#CAPITAL#CAPITAL#CAPITAL#CAPITAL#CAPITAL#CAPITAL#CAPITAL#CAPITAL#CAPITAL#CAPITAL#CAPITAL#CAPITAL,,,,,
mi_thrudgelmir,SHIP,"The Thrudgelmir is the heaviest class of warship designed by Metelson Industries. Protected by a massive armor belt and armed with a devastating array of weapons, it is a credible threat to any known class of capital ship.

Armed with a powerful frontal array of turrets, while having adequate coverage elsewhere to provide point-defense and to discourage flanking attacks. Supposedly it is named after a demon of some forgotten religion of Old Earth, which regardless if true or not it is known throughout the Sector as a warship worthy of respect.",,,
mi_drengur,SHIP,"Following in the continued work of the Varingur-Class Destoryer and the Grancursor-Crusier, the Drengur-Class Captial-ship is a Supporting carrier to rival the Asteral.  Made with a larger series of bulk-heads and siginifgant technological break-throughs, the Drengur can easily feild a series of Fighters and handle a small fleet in the hands of the right captian.  However, just as it's able to bring about great fleets of fighters, it's just as difficult to maintain and tends to use fuel generously.",,,
mi_acutor,SHIP,"Designed to offer supporting fire while providing repair and support capabilities, the Acutor-class R&M Hulk is a worthy flagship for many small-time merchant fleet captains. However like the Atlas hull it is based upon, it is relatively fragile, and lacks the shield generator strength and armament to cope with anything larger than a destroyer without assistance. However it does offer much more than the Construction Rig for both its fleet support and combat capabilities, and if piloted skilfully can still be quite deadly to any unwary vessel. Due to a series of design sacrifices that must be made to fit a dry-dock onto a hybrid combat vessel, it is unable to assist in repairing frigates and fighters.",,,
#FACTION,,,,,
metelson,FACTION,"Many cycles ago Metelson Industries started as an insignificant operation that specialized in large orders of mining equipment for the highest bidder. However as time passed, profits were increasingly diverted towards research and development, as well as tech mining. Eventually Metelson evolved from simply producing primitive existing technologies for others to creating improvements in armor alloys, laser weapon designs and not long after, designed their first class of vessel based upon discovered blueprints combined with their own ingenuity and experience in manufacturing. No longer would a space miner have to worry about failure of sup-par Mining Pods as Metelson developed a competitive series of mining-oriented equipment and ship classes of their own that were capable of matching or exceeding most existing designs. Word of this soon spread throughout the Sector and Metelson Industries constructed several stations to directly sell their equipment to any captains that possessed the credits, regardless of their affiliations.

Possessing a substantial headquarters on the arid planet of Ragnus which has extensive strip mining operations conducted daily across it. As such the company ostensibly owns the small planet, but in reality it is governed by an independent governmental body. Resulting in good relations with the trade guilds which in turn leads to better business for all. However during emergencies, where the lack of expediency of general operations would lead to problems. A communistic approach to government is taken and temporary instances of martial law enacted until the crisis passes. This has only occured a handful of times as a last resort but has shown to be effective in times of great need.",,,
#SHIP SYSTEMS,,,,,
phasejumper,SHIP_SYSTEM,A larger variation of the phase skimer. This allows the ship to jump a larger distance similar to Phase teleportation. Generates a small ammount of flux per use.,Movement,The ship teleports to any desired local area in range of 1000. Generates flux when used.,
drone_acutor,SHIP_SYSTEM,"Standard Acutor drones useful for defense, mining operations, and minor repair jobs to large structures. Armed with a Mining Laser.",Drones (low tech),Deploys several defensive drones each armed with a Mining Laser.,
drone_collier,SHIP_SYSTEM,Standard Collier drones useful for defense and mining operations. Armed with a Light Maser and LR PD Laser.,Drones (midline),Deploys several defensive drones each armed with a Light Maser and LR PD Laser.,
heavyrostor,SHIP_SYSTEM,"An updated Rostor Field which has a longer cooldown and charge up / active time. Increases speed and turn speed by 25% and all damage is mitigated by 35%. However, collisions have a moderate risk of causing an engine flameout.",Movement,"Briefly activates an energy field that mitigates incoming damage at the cost of disabling shields, and increases the ship's speed speed however collisions risk a full engine flameout.",
liten,SHIP_SYSTEM,"The Liten Field is based on Rostor Field technology, however it is weaker overall and civilian-grade. All damage is mitigated by 25% and gives the ship a small burst of speed as well. Unlike the Rostor field it presents no risk of engine flameout.",Defensive,"Briefly activates an energy field that mitigates incoming damage at the cost of disabling shields, and increases the ship's speed.",
rostor,SHIP_SYSTEM,"Based on the Damper Field, the Rostor Field allows for weapon operation and increases the ship's speed by 20% and provides a 40% damage mitigation only to armor. However, collisions have a moderate risk of causing an engine flameout.",Movement,"Briefly activates an energy field that hardens armor at the cost of disabling shields, and increases the ship's speed speed however collisions risk a full engine flameout.",
#PLANETS,,,,,
star_red_rock,CUSTOM,"The red dwarf star of Rock, it is more stable and gentle than most other red dwarfs encountered in the Sector. Rock Citadel uses the star for experiments and testing of newly developed high-temperature alloys, at least they used to. Now it is a neutral point for business meetings.",,,
planet_congite,CUSTOM,"A standard gas giant similar to that of the fifth rock from the star of the Sol system of Old Earth. Congite is sometimes harvested for its hydrogen and helium by ships equipped with anachronistic ram scoop collectors. Otherwise, its a popular entry from Hyperspace.",,,
planet_rangus,CUSTOM,A small dusty world of a failing terraforming project much like Asharu. This is home to the Metelson Industries Corporation. Most anything a starfarer desires can be bought and sold here despite its rather small population. There is no shortage of pride and work ethic among the miners that extract the raw materials required to produce the ships you tend to see traveling the local space lanes.,,,
planet_viymese,CUSTOM,"Viymese is an independent world with a strong military presence, and is often used as a refuelling and staging point for Metelson fleets. Rumored are large cryo-storage facilities contained within deeply buried bunkers have existed for ages but have yet to be confirmed nor denied. Also known for its thriving subsurface ecosystems populated by many yet to be discovered species.",,,
planet_Pebble,CUSTOM,"Pebble according to Domain records contained a hidden and fortified underground research and development lab that once belonged to some long since forgotten pre Great Collapse corporation. However the bunker was abandoned and forgotten after the Collapse. As it stands now, pirates have taken to it, and gathered a substantial force that has proven nearly impossible to remove.",,,
#STATION,,,,,
rock_station,CUSTOM,"In ages past Rock Citadel was an independent station, but in recent times was purchased by and now controlled by the Tri-Tachyon Corporation. This station is the cause for the tension between the two corporations and clashes between patrols of both factions are a common sight.",,,
#WEAPONS,,,,,
mining_lance,WEAPON,"The Mining Lance is a modification of the Phase Lance, changing the pulse frequency to be effective for mining tasks. Despite it being repurposed as a tool, the weapon still packs almost as much of a punch.",Close Support,,
combatmg,WEAPON,"The Combat MG is inspired by more common machine gun designs of the Sector but uses enhanced propellants and sub-caliber ammunition to achieve greater range and muzzle velocity at the cost of damage output.

Based on the ancient principle of chemical explosive propelled projectiles, the nature of the design is that of quantity over quality. Firing a steady stream of high velocity shells down a rotating set of three smoothbore barrels. The Metelson Az26/5 Combat Machine Gun is popular with civilian and military outfits alike.",Close Support,,
heavy_chaingun,WEAPON,"The Heavy CmG is a massively upscaled Combat MG. However the incredible muzzle velocity attained by its shells results in them fragmenting upon impact, reducing shield and armor penetration.",Close Support,,
minerAC,WEAPON,Based on the standard Light Autocannon. The Miller Autocannon fires a burst of two shells accurately at a target and is comparable to the standard Dual Autocannon. Additionally its small shells can help fracture asteroids for ease of ore collection.,Close Support,,
maser,WEAPON,"The Light Maser is effectively speaking, a miniatured Mining Lance. Based on the IR laser, it is an effective option for pressuring both armor and shields at medium range.",Assault,,
molarisblaster,WEAPON,"Many miners appreciate the punch of the Mining Blaster. But its actual efficiency in combat leaves much to be desired, enter the Molaris Blaster.

The Molaris Blaster is optimized for combat and sends three high-yield shots down range in a burst. However with the power output of this weapon, the capacitor's take a moment to recharge before being ready to fire again.",Assault,,
actel,WEAPON,"The Actel Cannon is a stand-alone variant of the built-in weapon of the Actel H35's canopy. Although to allow equipping this weapon on a standard modular mount, the amount of ready to fire ammo had to be reduced resulting in a lowered overall rate of fire as shells must be conveyed from deeper parts of the ship to feed the gun.

This strike capable kinetic cannon uses uses a hybrid system to propel the projectile, where a chemical explosive charge initially propels it, then a simple railgun continues to accelerate the shot until it leaves the barrel. While it may not have the same steady rate of fire or muzzle velocity as a Gauss Cannon, the shell itself is of greater mass and thus a stronger destructive effect on impact.",Close Support,,
actelh35cockpit,WEAPON,"The canopy of the Actel H35 is integral to its design, and is actually permanently fitted to the ship by an autofactory during the manufacture of the vessel. With a reinforced turret collar and the entire mass of the ship backing the weapon, it can safely achieve a higher muzzle velocity than the modular variant and maintains a higher rate of fire.",Close Support,,
crackler,WEAPON,"The Crackler is named as such mostly due to its ammunition, a miniature proximity-fuzed flak shell is fired in bursts of three. The Crackler is a reliable and low cost point-defense option often equipped by Metelson Industries ships.",Point Defense,,
kasta,WEAPON,"The Kasta MRSM was developed from a blueprint found in the tech mines of Viymese. Firing a salvo of small kinetic missiles guided by erratic algorithms that confound point-defenses and are difficult to evade. While not very damaging, Metelson Industries uses it as a general support missile, both to pressure shields, and to saturate defenses allowing for heavier munitions a greater chance to score a hit.",Close Support,,
sylva,WEAPON,"An intermediate caliber assault cannon useful for cracking starship armor with it's steady barrage of high explosive shells. Often equipped as a more budget friendly alternative to the common Heavy Mauler and Light Assault Gun weapons.

Developed from blueprints found in the tech mines of Viymese, the Sylva Cannon is an adaptation of ground-based artillery systems and Actel proto-types. Thought to be a more sophisticated relative of the Heavy Mortar design, and similarly found a renewed role as a budget starship weapon. Commonly equipped by Metelson Industries vessels, and also popular on the open market for the frugal minded Starfarer.",Assault,,
