id,type,text1,text2,text3,notes
mi_negl,SHIP,"The Negl is a miner's hammer. Using the Miller AC, the negl hammers into glassy or reflective asteroids that may otherwise cause issues with standard mining-beams. As a precaution it carries Swarmer SRMs as well.
Otherwise this was one of the later Mining Vessels designed by the R&D department of Metelson Industries an has been in commission with little change since the first models were sent out.",,,
mi_grudiver,SHIP,"The Grudiver, the miner, the Coal-dog, the Flying-coffin. These names are adept for the vessel, however the name Flying Coffin is more of a gag due to it's shape.  Otherwise this is an improvement over the Standard mining-Pod that many units carry without a doubt.

The Vessel was the first thing set forward by the egg-heads in regards to a small Mining Pod that could be used for any sort of governmental or Private Body. The idea struck home an was improved upon greatly. From a rather bulky set of armor around a standard mining pod to a miniaturized and slim-lined Mining Pod that- with a proprietary Alloy mix -could handle most any smack into an asteroid at standard speed. A shield was later added for sudden solar activity or potentially explosive space-chunks.",,,
mi_golgata,SHIP,"The Golgata is the Calvary, armed heavily with the speed to match.  Fast, with poor turning, the Golgata is a threat to most fighters and can easily harass any ship that it's tasked to intercept. Armed with Combat MG's and a Maser for light mining applications. This is one of the best fighters one could get.",,,
mi_obex,SHIP,"The Obex is a miner's most valuable mining pod. Armed with a Mining Blaster, advanced optics, a mining laser, Hammer-SRMs, and able to turn on a dime; this pup can throw a mean punch at both hull and rock.",,,
#FRIGATES,#FRIGATES,#FRIGATES#FRIGATES#FRIGATES#FRIGATES#FRIGATES#FRIGATES#FRIGATES#FRIGATES#FRIGATES#FRIGATES#FRIGATES#FRIGATES#FRIGATES#FRIGATES#FRIGATES#FRIGATES#FRIGATES#FRIGATES#FRIGATES#FRIGATES,,,
mi_vigilance,SHIP,"Vigilance ships are often found in fleets and tend to lack slightly when on their own if not outfitted correctly. Or if the Pilot is incompetent with the vessel he's chosen.  Seeing this, and having a soft-spot for the Hull in general. Metelson industries took defective or even simply bought a few Vigilance hulls and produced a Variation on the ship. Adding armor, an extra turret, and adding to the overall flexibility of the first ship. The Vigil class Frigate is a somewhat more combat capable vessel.  Keeping much and adding a little, the Vigil offers just a bit more for those tired of the Vigilance.

Made simply to try and gain more ground as a viable ship Producer, and grow it's market. Metelson industries took the Vigilance- a staple in many fleets -and tried to add to it. Giving the ship an Additional Ballistic turret, upgrading the Hull and armor specs; and Changing the missile hard-point to allow universal usage. The Vigil is not much frankly, but it is still worth a look at the very least and is often seen employed by metelson fleets.",,,
mi_mudskipper,SHIP,"The HGA-220 was first produced as the ""Pegasus""-class, AKA ""Mudskipper"". With it's common blue-prints however, it's often remade... to disastrous results. However in Metelson's case, they've made a practical update. Still not Combat-worthy, save for the most desperate of pilots, or suicidal. The Metelson ""Mudder"", is worth the price for what it can bring to a mining fleet. Cargo holds abound, Good fuel, and spacious dorms for crew and passengers alike. The Mudder is still a viable variation of the Mudskipper.

Most commonly used as a Mining Vessel among Metelson Industries- like the Mudskipper it's based on -the Mudder is indeed interstellar-capable, despite having no built-in shield generator and so must rely on its durable - for civilian craft - armor to protect passengers and cargo from the elements of space travel; its maneuvering thrusters to avoid fast-moving obstacles or otherwise. There is a dubious combat-capability with it's turret outfits, but is more than able to deal with the standard Salamander Missile.",,,
mi_farin,SHIP,"The Farin is Metelson's Answer to the Cerberus. Better in many respects, depending on who you ask. The Farin is updated with a better engines, a shield generator,  and overall. Profiled better for entry In and out for interplanetary or Planet-side operations. This ship is a durable and viable competitor for the Cerberus.

However, it doesn't have much more cargo, speed or otherwise compared to the Cerberus, and it's turrets can easily be overwhelmed.  That aside, if someone was looking for an updated freighter that could offer more versatility. They're be hard pressed to find anything quiet as similar to the Cerberus other than The Farin.",,,
mi_cavos,SHIP,"The Cavos is the Pala, back to Hunt your sorry skin for popping it so many times. Fast, deadly, and looking like a Flying saucer. This Green Red taped bugger; is armed and ready to fight.  With a Medium hidden Hard-point, 4 turrets (one guarding the rear). The Cavos is able to lay support, assault a Vessel, or render Missiles helpless.  All with the speed to keep moving and a Damper field keep on ticking.  If that isn't enough it has decent armor and Cargo worth talking about considering it's Mutiple roles.",,,
mi_pala,SHIP,"The Pala is the pride of Metelson industries and is Marketed as a Mining operations Combat Freighter, or M.o.C Freighter.  This is able to handle it's own in combat an get the job done before burning away! At least, that's the hope.

It started out as a Mod-Design for the Hound which, after a successful run with it  and some amount of money an grit, the founders of the business set out to create a ship that was one of a kind. An they succeed. Although the ship hasn't changed much an is often running away, it is a steady an stable hand in the fleet. Offering it's support to larger vessels or simply out with the dogs on a mining run. Among the stars, or in rare applications, Terran activities.",,,
mi_glima,SHIP,"The Glima frankly, is an odd looking duck. With off-set turrets and Hard points, a weirdly shaped hull. It's no wonder most people don't have much good to say about this thing. But, with a rather flexible set of options for load-outs and the power to back it up, this isn't a ship to skim over.",,,
mi_roma,SHIP,"A  R.O.M.A Shuttle: Rescue, Operations and Mining Auxiliary.
Thin, but built to last in a fight. The Roma is 
Rightly put to use in Salvage, and of course as the name
Obviously states, rescue operations.  Darting in an out of P-space
Like a ghost and a Damper field to protect itself against impact and,
Light or even heavy Fire-power. This shuttle has a bite to it that can't be easily beat.",,,
mi_mite,SHIP,"The mite is effectively a retooling of the standard Kite shuttle. Easy to get, easier to manage. The Mite has had it's hardpoints Synergized, allowing for use in Mining applications with the standard mining laser, or giving it a heavier punch with an AM-Blaster. Whatever it is, it's the same as the kite for the most part. Cheap, easy as the Pala to get, but not as cargo centered and better for beginning Navigators.",,,
mi_wolf,SHIP,"The Stineulv is that Rock's Wolf. With a rearranging and re-tooling of components. The wolf has been stolen from Tri-tachyon hands and remade. Although not exactly the best change some may think. The stineulv gives it's owners added ballistic power that the wolf only is capable of fielding with misses or the Standard Graviton beam. The Stineulv is also slightly rougher, with a slight increase in both Hull and Armor with little loss to speed. ",,,
#DESTORYERS,#DESTORYERS,#DESTORYERS#DESTORYERS#DESTORYERS#DESTORYERS#DESTORYERS#DESTORYERS#DESTORYERS#DESTORYERS#DESTORYERS#DESTORYERS#DESTORYERS#DESTORYERS#DESTORYERS#DESTORYERS,,,
mi_securi,SHIP,"based on an older hull design from Generations of Metelson past. The Securi hull was initially a Star-port turret design. Made to fend with fighters and bombers, it was made to run efficiently and power high-tech anti-fighter beam weapons, or larger capital-tier  weapons for heavier targets. As the cycles turns someone made the turret Modular and movable. Making it so that if it needed to be placed somewhere else, it could manage itself briefly. Further refinements and adjusts resulted in the Securi! And with stolen Tri-tachyon tech, it uses it's fire-power to great effect against many types of vessel. From wimpy Talons, to blue Medusas.",,,
mi_varingur,SHIP,"Built on the Blueprints of old- perhaps even ancient -terran troop transit. The Varingur is a brick among cargo transports. Slow, lethargic, and otherwise lacking in it's classification of a Destroyer, this brick of a ship makes up for that in sheer support capability. Sporting an advanced fighter-bay compared to the standard condor, better fire-power and overall stats of the Gemini- save for cargo -and the kick of a mule, the Varigur. Farmer of rock and space matter alike. Is ready and willing to do the dirty jobs among space.",,,
mi_enforcer,SHIP,"Pulled from the Enforcer, this Metelson variation is what one may consider an ""Epoch"" design. With two small hybrid mounts and battery of Synergy Hardpoints at the front. The Custos is a Metelson staple for mining or combat.

The enforcer is a grand ship, and often used in many ways. Outfitted for caravan work, strike tasks, Swatter work, the list goes on. But it lacks in flexibility with anything further... This was an attempt by Metelsons to not only make a ship that would fill a need.  But a ship that they could use for more than just combat tasks. Gutting some of the components. The enforcer was given hybrid mounts and a medium energy. The Synergy battery was to offer Mining Capabilities to the vessel, as well as give it a larger array of outfits to set on it. The hybrid turrets were added for the same reason. And while small, they take nothing from the lethality of the vessel when piloted by a sure-fire Captain.  Despite all this, for the upped power, the Armor and shield capabilities were scaled down. A smaller Shield arc and less armor plague the design in favor of Firepower and controllable speed.",,,
mi_actelh35,SHIP,"Much like the Varingur, the Actel H35 was based on old; If not Aeonic technology found in old holodisks, data cubes, and even a flash-drive! The specific plan was based on a common war vehicle, a Tank.  The Aeonic plan it pulled from though in particular, was a ""French"" Hotchkiss H35 tank.  Built stocky, tough, and slow, the Actel gives Metelson fleets grand support with it's tweaked cannon. Though, at such ranges and speed, it's easy to dodge the bullet that screams out from it's covered barrel

The Actel H35 is, as stated before, a space tank. However before that, it was initially simply a testing bed for a whole host of weapons. Mostly failed attempts at small amounts of tech mining and corporate theft in regards to the Tri-tachyon raids that swam in the dust with their own fleets. Eventually, it was coined to make the Actel an actual firing tank to bolster morale and military advantage in Metelson industries stations, as well as pull itself away from the stock that were usually found and used.",,,
mi_rastrum,SHIP,"Made in reply to the success of the pala. The Rastrum was made with larger mining operations in mind. As such it's no where near as combat capable as the Enforcer, or the Medusa. But with it's drone and overall weapon's profile offers itself as a great supportive Vessel.",,,
#CRUISER,#CRUISER,#CRUISER#CRUISER#CRUISER#CRUISER#CRUISER#CRUISER#CRUISER#CRUISER#CRUISER#CRUISER#CRUISER#CRUISER#CRUISER#CRUISER#CRUISER#CRUISER#CRUISER#CRUISER#CRUISER#CRUISER#CRUISER#CRUISER#CRUISER#CRUISER#CRUISER,,,
mi_mantarn,SHIP,"The Mantarn is the Rook of metelson industries. Built to save turrets from much of the flak and pain of battle, allowing the ship to take maneuvers without losing it's firepower. The Mantarn is a vessel not to be underestimated.

Made to try an expand into more markets and gain more Employee's under it's bell an call. Metelson Industries made the Mantarn as a publicity stunt, and as an answer to Tri-tachyon patrols harassing it's fleets in-system. Dealing with EMP strike fleets, many of metelson's ships.   Which were built to deal with standard attackers and asteroids around a red-dwarf.   Were easily disabled and raised by the Tri-tachyon raiders before being promptly blown to kingdom come.  ",,,
mi_grancursor,SHIP,"The Grancursor is essentially, the Varingur. However in an attempt to update from older doctrine designs and give a ""shiny"" appeal to some younger captain's. The Grancursor has been pulled together from several hull segments of previous ships. It's also been given more of a Carrier's role; As far as it's Captain's Manual will tell you.  With dishes, sensor-pods and a wide variety of views to glimpse from it's bridges. The Grancursor, the ""Grand Courier"" , is able and willing to take you to the stars and give you times worth talking about.

As stated, Grancursor based more on the idea of the Varingur, rather than the varingur itself. The larger you go with Doctrine that the Varingur follows, the more costly and ludicrously slow it becomes. To avoid that, the Grancursor has taken ideas and doctrine from the designs of other ships. Ventures, Condors, Taurus, it's even pulled tips from the Dominator. All to be put to use as a support vessel.",,,
mi_gadfar,SHIP,"Defined as a ""System Cruiser"", the Gadfar has taken the Valkyrie and given it steroids.  However, the designation is not for show. The Crew-quarters have been gutted for Cargo-bays, Trac Systems, and made the Valkyrie from a rather wimpy destroyer option to an effective Cruiser to haul and support fleets in system. Hence it's designation, it's a cruiser to be in system. Trading an hauling what you need,  all while being able to melt that little pirate's face off.

Armed with a devestating Assualt profile, it's main batteries are best put to use at the front. Firing full frontal though, it's quick to overload if polited or outfitted incorrectly.  Broadside kiting is a very good tatic for this ship, but limits it's overall firepower in trade for such sustainability. Armed with a pair of sensor drones, a large sheild and decent flux to feild it. This is the Aurora of Metelsons.",,,
#CAPITAL#CAPITAL#CAPITAL#CAPITAL#CAPITAL#CAPITAL#CAPITAL#CAPITAL#CAPITAL#CAPITAL#CAPITAL#CAPITAL#CAPITAL#CAPITAL#CAPITAL#CAPITAL#CAPITAL#CAPITAL#CAPITAL#CAPITAL#CAPITAL#CAPITAL#CAPITAL#CAPITAL#CAPITAL#CAPITAL#CAPITAL#CAPITAL#CAPITAL#CAPITAL#CAPITAL#CAPITAL#CAPITAL#CAPITAL#CAPITAL#CAPITAL#CAPITAL#CAPITAL#CAPITAL#CAPITAL#CAPITAL#CAPITAL#CAPITAL#CAPITAL#CAPITAL#CAPITAL#CAPITAL#CAPITAL#CAPITAL#CAPITAL,,,,,
mi_thrudgelmir,SHIP,"Thrudgelmir is the heaviest vessel independently fielded by Metelson's Industries. Armed with a Damper-field, relatively decent speed of 50, and armor to match that of a Conquest Battle cruiser and the Alpha damage to put it to use, this ship is nothing to laugh at despite it's shape.

Made as a final linage to the Pala Ship Line. Thrudgelmir is armed with 3 front facing large mounts. 2 turrets at the side of the bridge with wide arcs, a series 6 of medium Ballistic turrets offering excellent coverage and additional Damage or unprecedented Point-Defense. The front would be bad enough were it not for the fact that there are 4 small Energy turrets. These same turrets offering wide coverage and choices to add Disabling Ion-Cannons or devastating AM-Blasters for close-brawling of other Capital Class Vessels.  It's name comes from the demon of Norse religion and is quite adapt for it.",,,
mi_acutor,SHIP,"Made to offer Fire power with some repair capabilities The Acutor R&M Hulk is a worthy flag-ship for many a small-time or starting captain; However like the hull it's based on, it isn't very durable, or very effective against anything larger than a destroyer. However it does offer much more than the Construction Rig ever will and if handled right, can still be quiet deadly to any unwary vessel.  Due to it's bulk, and otherwise, It can not effectively repair Frigates. This is partly due to the fact that the apparati on the ship can likely magnetize the entire vessel. Frying the minute electronics of a frigate, even high-end ones are more likely to be damaged in the machine's clumsy fingers.",,,
#FACTION,,,,,
metelson,FACTION,"Metelson Industries was once a simple tool-company many cycles ago. As the company evolved though, it begun to produce an R&D department. The department in turn cranked out improvements in armor, laser weaponry and soon, designed a ship to have Metelson strive as being a space-miners best friend. No more would a AstroMiner have to worry about getting crushed- as much -while in such tough small mining pods. Developing a competitive Mining body of it's own, the corporation has set up a station to directly sell to any captains looking to start a mining company or join their ranks among the rocks of space!

The company also has a head-quartered planet. Though it's a rather dry ball in the stars, the Arid home of Ragnus is easy to mine and the company is proud to help it's home system. As such the company actually owns the small planet. At least, diplomatically. Otherwise, the planet is governed by an independent headed government. Resulting in good relations with the trading guilds an thus, A well maintained planet and civilization. Which, in turn leads to a better business for all!

During normal Operations the Governmental body of Metelson is based on the Democratic-Republic that was very common in the Domain era. However during emergencies, where general operations would lead to problems. A more Communal or Communistic approach to government and such is taken with Martial Laws in place as well till the Emergency has passed. Generally this has only been done as a last resort but has shown to be effective in times of great Crisis.",,,
#SHIP SYSTEMS,,,,,
drone_acutor,SHIP_SYSTEM,"Standard  Acutor drones for use in defense, mining, and minor repair on large structures. Armed with Advanced optics and a Mining Laser.",Drones (Mid/Low tech),,
drone_collier,SHIP_SYSTEM,"Standard Collier drones for use in Mining Operations, civil defense, and more. Armed with a Mining Lance and Standard LrPD.",Drones (Mid-tech),,
heavyrostor,SHIP_SYSTEM,An updated Rostor field. Usually fitted to larger ships for a burst of speed at the cost of the field Damage mitigation. The speed also comes at a cost of being able to strafe. The field lasts 10 seconds but requires a longer cool-down for the unlimited use.,Movement,,
thrudrostor,SHIP_SYSTEM,"Calling Woadin's Field, this  will take 60 percent of the damage sent, but at a cost of being useable only a few times before capacitors need to fill up again. Lasts 15 seconds with little to no increase in speed.",Special,,
rostor,SHIP_SYSTEM,"Based on Damper technology, this increases Movement and allows turret operation. However despite decreasing half of incoming damage, shields are not allowed and it has a significant runtime, often resulting in damage for ill timed usage.",Offensive,,
#PLANETS,,,,,
star_red_rock,CUSTOM,"The Red Dwarf of Rock, though not as bright nor as large as other stars like all Dwarf stars. This is a stable, gentle star compared to some other celestial bodies. Rock Citadel uses the star for experimentation and armor testing, at least, it used to. Now it's a Hot Spot for Business meetings.",,,
planet_congite,CUSTOM,A standard Gas-Giant similar to that of Sol's Jupiter. Congite is mined locally through fuel-divers that collect the gases for processing. Otherwise it's a popular entry from Hyperspace.,,,
planet_rangus,CUSTOM,"Ragnus. A small dusty world of a failing Terra-forming project much like Asharu. This is Home to the Metelson Industries Corporation. It has many of the needed  items and despite it's rather small population, there is no shortage of pride and work-ethic among the people who live among the miners that provide metals to produce the ships you tend to see flying in the local space lanes.",,,
planet_viymese,CUSTOM,"Viymese, a female wizard of the cold... Used as a base for fuel this planet is a joint operation run by the Metelson Industries and the Local Independent government of Rangus.",,,
planet_Pebble,CUSTOM,"Pebble was once, according to domain records recovered from recently a recently Discovered lab in the Asteroid-belt by an Industry called ""Dues-Ex Machines"".   A bunker of military might. However the bunker was decommissioned at the end of the collapse and forgotten. As it stands now however, Pirates have taken to it, and easily gathered a force, and while easily killed they've proven difficult to root out.",,,
#STATION,,,,,
rock_station,CUSTOM,"Once Citadel was an independent station, now bought out and controlled by Tritachyon. The station is cause for tension between the two industries and patrols on both sides can be seen in system fighting.",,,
#WEAPONS,,,,,
mining_lance,WEAPON,"The Mining Lance is a modification of the standard lance, giving it a pulse to be effective in mining tasks. Despite it's being repurposed as a tool, the weapon still packs a punch.",Close Support,,
combatmg,WEAPON,"Based on the ever present bullet and combustion weapons of times since, this has range and output to shame the standard MG, but it's damage leaves much to be desired.

The nature of the design is that of quantity over quality. While the measurements and components of the bullets are relatively small. It takes more after an Ancient design mentioned in Domain Texts, resulting in a rotating set of three barrels, each firing a bullet at a rapid pace..

Popular with small civilian and Military Craft alike, the Metelson Az26/5 Combat Machine Gun is a heavy hitting device with the flux, Maintenance, and overwhelming storm of lead to back that up. ",Close Support,,
heavy_chaingun,WEAPON,"How do you make something better? Make it bigger! The range and firepower of the Heavy CmG is  able to lay the hurt on. However at the speed that the shells are shot out at, the bullets turn to shrapnel.",Close Support,,
minerAC,WEAPON,"Based on the standard AC. The Miller Auto gun fires a burst of two shells accurately at a target and is comparable to the Dual AC that is found on  many vessels. It's small shells can help fracture asteroids, without changing too much of the chunks trajectory.",Assault,,
maser,WEAPON,"The Maser is, effectively speaking, a smaller Mining Lance. Based on the IR laser and employing the same idea as it's Big Brother. The maser is an effective Assault option if you want good range for what it is.",Assault,,
molarisblaster,WEAPON,"Using the standard Mining Blaster, many miners find it's punch appreciative. But it's combat role still leaves much to be desired, enter the Molaris Blaster.

The Molaris Blaster sends a 3 shot burst into the enemy's direction, however an unwitting captain will soon find. He's not firing as fast, and for good reason. With the power behind the weapon, as well as it's mode of firing. The Capacitor's often have a good base charge. but take a bit to build back it's bank, meaning if you're not careful. Damage output will drop a great deal.",Assault,,
actel,WEAPON,"The Actel Cannon is a stand-alone variation of the Actel H35's Cockpit. With the gun tweaked for standard ships and scaled back in it's ammunitions among other things.

This Strike capable kinetic cannon uses a plasma charged barrel to pull and shove the shot out at speeds clocking out at 3000 su/S, the speed rivaling even that of the Gauss cannon! However, with it's speed and range, it can often miss. In fact it often does against smaller targets, but, when it hits. Oh boy does it hit.",Support,,
actelh35cockpit,WEAPON,"The Cockpit of the Actel H35 is made to never come undone from it's moorings and is built into the ship. With the mass of the ship among other things, this Weapon is easily able to clock out at the same speed an range as it's Stand-alone variation. However, due to such range, the damage output is significantly dropped.",Special,,
crackler,WEAPON,"The crackler is called such mostly due to it's munition more than anything. A mini-flak charge fired in bursts of three, the crackler is a stable PD for the back of many metelson vessels.",Point Defense,,
