{
"starSystem":"rock",
	"markets":[
		{
			"entities":["pebble"],
			"faction":"pirates",
			"size":2,
			"startingConditions":[
				"free_market",	
				"military_base",
				"uninhabitable",
				"population_2",
			],
		},
		
		{
			"entities":["viymese"],
			"faction":"independent",
			"size":4,
			"startingConditions":[
				"cryosanctum",
				"aquaculture",
				"volatiles_complex",
				"frontier",
				"military_base",
				"uninhabitable",
				"population_4",
			],
		},

		{
			"entities":["rock_station"],
			"faction":"tritachyon",
			"size":3,
			"startingConditions":[
				"military_base",
				"orbital_station",
				"population_3",
			],
		},
		{
			"entities":["rangus"],
			"faction":"metelson",
			"size":6,
			"startingConditions":[
				"military_base",
				"rural_polity",
				"headquarters",
				"frontier",
				"arid",
				"shipbreaking_center",
				"ore_complex", "ore_complex", 
				"ore_refining_complex", "ore_refining_complex", "ore_refining_complex",
				"population_6",
			],
		},
	],


}



