name,id,flux/second,f/s (base rate),f/s (base cap),flux/use,f/u (base rate),f/u (base cap),cr/u,max uses,regen,charge up,active,down,cooldown,toggle,noDissipation,noHardDissipation,hardFlux,noFiring,noTurning,noStrafing,noAccel,noShield,noVent,icon
 Acutor Drones,drone_acutor,,,,,,,,15,0.05,,,,,,,,,,,,,,,graphics/icons/hullsys/drone_pd_mid.png
Collier Drones,drone_collier,,,,,,,,5,0.0253,,,,,,,,,,,,,,,graphics/icons/hullsys/drone_pd_mid.png
Rostor Field,rostor,90,,,250,,,,2,0.0333,1,10,2,5,,,,TRUE,,,TRUE,,TRUE,TRUE,graphics/icons/hullsys/damper_field.png
Heavy Rostor Field,heavyrostor,150,,,500,,,,3,0.0075,1,10,2,10,,,,TRUE,,,TRUE,,TRUE,TRUE,graphics/icons/hullsys/damper_field.png
